replication,apk,generating_script,num_flows,time,total_TP,detected_TP,total_FP,detected_FP,option_under_investigation,analyzestringsunfiltered,filetransform,ignoreexceptionflows,ignorenocontextflows,implicitflow,imprecisestrings,limitcontextforcomplex,limitcontextforgui,limitcontextforstrings,multipassfb,noarrayindex,noclinitcontext,noclonestatics,nofallback,nojsa,noscalaropts,nova,preciseinfoflow,transfertaintfield,typesforcontext,apicalldepth,kobjsens,pta
1,org.dnaq.dialer2_17.apk,config_DroidSafe_nova.xml,1134,281565.4788,10,0,97,7,nova,FALSE,FALSE,FALSE,FALSE,FALSE,FALSE,FALSE,FALSE,FALSE,FALSE,FALSE,FALSE,FALSE,FALSE,FALSE,FALSE,TRUE,FALSE,FALSE,FALSE,-1,3,SPARK
1,org.dnaq.dialer2_17.apk,config_DroidSafe_kobjsens3.xml,2263,687651.8149,10,2,97,12,kobjsens,FALSE,FALSE,FALSE,FALSE,FALSE,FALSE,FALSE,FALSE,FALSE,FALSE,FALSE,FALSE,FALSE,FALSE,FALSE,FALSE,FALSE,FALSE,FALSE,FALSE,-1,3,SPARK
,,,,,,,,,,,,,,,,,,,,,,,,,,,,,,,,
2,org.dnaq.dialer2_17.apk,config_DroidSafe_nova.xml,1134,365250.7505,10,0,97,7,nova,FALSE,FALSE,FALSE,FALSE,FALSE,FALSE,FALSE,FALSE,FALSE,FALSE,FALSE,FALSE,FALSE,FALSE,FALSE,FALSE,TRUE,FALSE,FALSE,FALSE,-1,3,SPARK
2,org.dnaq.dialer2_17.apk,config_DroidSafe_kobjsens3.xml,2263,505200.8456,10,2,97,12,kobjsens,FALSE,FALSE,FALSE,FALSE,FALSE,FALSE,FALSE,FALSE,FALSE,FALSE,FALSE,FALSE,FALSE,FALSE,FALSE,FALSE,FALSE,FALSE,FALSE,FALSE,-1,3,SPARK
,,,,,,,,,,,,,,,,,,,,,,,,,,,,,,,,
3,org.dnaq.dialer2_17.apk,config_DroidSafe_nova.xml,1134,411346.3354,10,0,97,7,nova,FALSE,FALSE,FALSE,FALSE,FALSE,FALSE,FALSE,FALSE,FALSE,FALSE,FALSE,FALSE,FALSE,FALSE,FALSE,FALSE,TRUE,FALSE,FALSE,FALSE,-1,3,SPARK
3,org.dnaq.dialer2_17.apk,config_DroidSafe_kobjsens3.xml,2263,857005.9181,10,2,97,12,kobjsens,FALSE,FALSE,FALSE,FALSE,FALSE,FALSE,FALSE,FALSE,FALSE,FALSE,FALSE,FALSE,FALSE,FALSE,FALSE,FALSE,FALSE,FALSE,FALSE,FALSE,-1,3,SPARK
,,,,,,,,,,,,,,,,,,,,,,,,,,,,,,,,
1,com.angrydoughnuts.android.alarmclock_15.apk,config_DroidSafe_nova.xml,317,1082111.618,27,1,215,10,nova,FALSE,FALSE,FALSE,FALSE,FALSE,FALSE,FALSE,FALSE,FALSE,FALSE,FALSE,FALSE,FALSE,FALSE,FALSE,FALSE,TRUE,FALSE,FALSE,FALSE,-1,3,SPARK
1,com.angrydoughnuts.android.alarmclock_15.apk,config_DroidSafe_kobjsens3.xml,0,586862.6455,27,0,215,0,kobjsens,FALSE,FALSE,FALSE,FALSE,FALSE,FALSE,FALSE,FALSE,FALSE,FALSE,FALSE,FALSE,FALSE,FALSE,FALSE,FALSE,FALSE,FALSE,FALSE,FALSE,-1,3,SPARK
,,,,,,,,,,,,,,,,,,,,,,,,,,,,,,,,
1,net.tedstein.AndroSS_17.apk,config_DroidSafe_nova.xml,336,315254.6787,4,3,42,7,nova,FALSE,FALSE,FALSE,FALSE,FALSE,FALSE,FALSE,FALSE,FALSE,FALSE,FALSE,FALSE,FALSE,FALSE,FALSE,FALSE,TRUE,FALSE,FALSE,FALSE,-1,3,SPARK
1,net.tedstein.AndroSS_17.apk,config_DroidSafe_kobjsens3.xml,0,627988.9496,4,0,42,0,kobjsens,FALSE,FALSE,FALSE,FALSE,FALSE,FALSE,FALSE,FALSE,FALSE,FALSE,FALSE,FALSE,FALSE,FALSE,FALSE,FALSE,FALSE,FALSE,FALSE,FALSE,-1,3,SPARK
,,,,,,,,,,,,,,,,,,,,,,,,,,,,,,,,
1,org.dyndns.sven_ola.debian_kit_6.apk,config_DroidSafe_nova.xml,25,422899.0547,2,2,19,2,nova,FALSE,FALSE,FALSE,FALSE,FALSE,FALSE,FALSE,FALSE,FALSE,FALSE,FALSE,FALSE,FALSE,FALSE,FALSE,FALSE,TRUE,FALSE,FALSE,FALSE,-1,3,SPARK
1,org.dyndns.sven_ola.debian_kit_6.apk,config_DroidSafe_kobjsens3.xml,0,773602.1977,2,0,19,0,kobjsens,FALSE,FALSE,FALSE,FALSE,FALSE,FALSE,FALSE,FALSE,FALSE,FALSE,FALSE,FALSE,FALSE,FALSE,FALSE,FALSE,FALSE,FALSE,FALSE,FALSE,-1,3,SPARK
,,,,,,,,,,,,,,,,,,,,,,,,,,,,,,,,
1,org.jsl.wfwt_14.apk,config_DroidSafe_nova.xml,492,671622.306,4,1,53,4,nova,FALSE,FALSE,FALSE,FALSE,FALSE,FALSE,FALSE,FALSE,FALSE,FALSE,FALSE,FALSE,FALSE,FALSE,FALSE,FALSE,TRUE,FALSE,FALSE,FALSE,-1,3,SPARK
1,org.jsl.wfwt_14.apk,config_DroidSafe_kobjsens3.xml,0,961744.4215,4,0,53,0,kobjsens,FALSE,FALSE,FALSE,FALSE,FALSE,FALSE,FALSE,FALSE,FALSE,FALSE,FALSE,FALSE,FALSE,FALSE,FALSE,FALSE,FALSE,FALSE,FALSE,FALSE,-1,3,SPARK
,,,,,,,,,,,,,,,,,,,,,,,,,,,,,,,,
2,com.angrydoughnuts.android.alarmclock_15.apk,config_DroidSafe_nova.xml,317,959202.5567,27,1,215,10,nova,FALSE,FALSE,FALSE,FALSE,FALSE,FALSE,FALSE,FALSE,FALSE,FALSE,FALSE,FALSE,FALSE,FALSE,FALSE,FALSE,TRUE,FALSE,FALSE,FALSE,-1,3,SPARK
2,com.angrydoughnuts.android.alarmclock_15.apk,config_DroidSafe_kobjsens3.xml,0,428709.4647,27,0,215,0,kobjsens,FALSE,FALSE,FALSE,FALSE,FALSE,FALSE,FALSE,FALSE,FALSE,FALSE,FALSE,FALSE,FALSE,FALSE,FALSE,FALSE,FALSE,FALSE,FALSE,FALSE,-1,3,SPARK
,,,,,,,,,,,,,,,,,,,,,,,,,,,,,,,,
2,net.tedstein.AndroSS_17.apk,config_DroidSafe_nova.xml,336,303462.8833,4,3,42,7,nova,FALSE,FALSE,FALSE,FALSE,FALSE,FALSE,FALSE,FALSE,FALSE,FALSE,FALSE,FALSE,FALSE,FALSE,FALSE,FALSE,TRUE,FALSE,FALSE,FALSE,-1,3,SPARK
2,net.tedstein.AndroSS_17.apk,config_DroidSafe_kobjsens3.xml,0,650384.8417,4,0,42,0,kobjsens,FALSE,FALSE,FALSE,FALSE,FALSE,FALSE,FALSE,FALSE,FALSE,FALSE,FALSE,FALSE,FALSE,FALSE,FALSE,FALSE,FALSE,FALSE,FALSE,FALSE,-1,3,SPARK
,,,,,,,,,,,,,,,,,,,,,,,,,,,,,,,,
2,org.dyndns.sven_ola.debian_kit_6.apk,config_DroidSafe_nova.xml,25,538724.8498,2,2,19,2,nova,FALSE,FALSE,FALSE,FALSE,FALSE,FALSE,FALSE,FALSE,FALSE,FALSE,FALSE,FALSE,FALSE,FALSE,FALSE,FALSE,TRUE,FALSE,FALSE,FALSE,-1,3,SPARK
2,org.dyndns.sven_ola.debian_kit_6.apk,config_DroidSafe_kobjsens3.xml,0,538192.2729,2,0,19,0,kobjsens,FALSE,FALSE,FALSE,FALSE,FALSE,FALSE,FALSE,FALSE,FALSE,FALSE,FALSE,FALSE,FALSE,FALSE,FALSE,FALSE,FALSE,FALSE,FALSE,FALSE,-1,3,SPARK
,,,,,,,,,,,,,,,,,,,,,,,,,,,,,,,,
2,org.jsl.wfwt_14.apk,config_DroidSafe_nova.xml,492,540549.9327,4,1,53,4,nova,FALSE,FALSE,FALSE,FALSE,FALSE,FALSE,FALSE,FALSE,FALSE,FALSE,FALSE,FALSE,FALSE,FALSE,FALSE,FALSE,TRUE,FALSE,FALSE,FALSE,-1,3,SPARK
2,org.jsl.wfwt_14.apk,config_DroidSafe_kobjsens3.xml,0,717886.0371,4,0,53,0,kobjsens,FALSE,FALSE,FALSE,FALSE,FALSE,FALSE,FALSE,FALSE,FALSE,FALSE,FALSE,FALSE,FALSE,FALSE,FALSE,FALSE,FALSE,FALSE,FALSE,FALSE,-1,3,SPARK
,,,,,,,,,,,,,,,,,,,,,,,,,,,,,,,,
3,com.angrydoughnuts.android.alarmclock_15.apk,config_DroidSafe_nova.xml,317,1352910.786,27,1,215,10,nova,FALSE,FALSE,FALSE,FALSE,FALSE,FALSE,FALSE,FALSE,FALSE,FALSE,FALSE,FALSE,FALSE,FALSE,FALSE,FALSE,TRUE,FALSE,FALSE,FALSE,-1,3,SPARK
3,com.angrydoughnuts.android.alarmclock_15.apk,config_DroidSafe_kobjsens3.xml,0,824968.6618,27,0,215,0,kobjsens,FALSE,FALSE,FALSE,FALSE,FALSE,FALSE,FALSE,FALSE,FALSE,FALSE,FALSE,FALSE,FALSE,FALSE,FALSE,FALSE,FALSE,FALSE,FALSE,FALSE,-1,3,SPARK
,,,,,,,,,,,,,,,,,,,,,,,,,,,,,,,,
3,net.tedstein.AndroSS_17.apk,config_DroidSafe_nova.xml,336,431646.8139,4,3,42,7,nova,FALSE,FALSE,FALSE,FALSE,FALSE,FALSE,FALSE,FALSE,FALSE,FALSE,FALSE,FALSE,FALSE,FALSE,FALSE,FALSE,TRUE,FALSE,FALSE,FALSE,-1,3,SPARK
3,net.tedstein.AndroSS_17.apk,config_DroidSafe_kobjsens3.xml,0,811310.1803,4,0,42,0,kobjsens,FALSE,FALSE,FALSE,FALSE,FALSE,FALSE,FALSE,FALSE,FALSE,FALSE,FALSE,FALSE,FALSE,FALSE,FALSE,FALSE,FALSE,FALSE,FALSE,FALSE,-1,3,SPARK
,,,,,,,,,,,,,,,,,,,,,,,,,,,,,,,,
3,org.dyndns.sven_ola.debian_kit_6.apk,config_DroidSafe_nova.xml,25,642719.0109,2,2,19,2,nova,FALSE,FALSE,FALSE,FALSE,FALSE,FALSE,FALSE,FALSE,FALSE,FALSE,FALSE,FALSE,FALSE,FALSE,FALSE,FALSE,TRUE,FALSE,FALSE,FALSE,-1,3,SPARK
3,org.dyndns.sven_ola.debian_kit_6.apk,config_DroidSafe_kobjsens3.xml,0,885793.1886,2,0,19,0,kobjsens,FALSE,FALSE,FALSE,FALSE,FALSE,FALSE,FALSE,FALSE,FALSE,FALSE,FALSE,FALSE,FALSE,FALSE,FALSE,FALSE,FALSE,FALSE,FALSE,FALSE,-1,3,SPARK
,,,,,,,,,,,,,,,,,,,,,,,,,,,,,,,,
3,org.jsl.wfwt_14.apk,config_DroidSafe_nova.xml,492,937795.1673,4,1,53,4,nova,FALSE,FALSE,FALSE,FALSE,FALSE,FALSE,FALSE,FALSE,FALSE,FALSE,FALSE,FALSE,FALSE,FALSE,FALSE,FALSE,TRUE,FALSE,FALSE,FALSE,-1,3,SPARK
3,org.jsl.wfwt_14.apk,config_DroidSafe_kobjsens3.xml,0,1232100.172,4,0,53,0,kobjsens,FALSE,FALSE,FALSE,FALSE,FALSE,FALSE,FALSE,FALSE,FALSE,FALSE,FALSE,FALSE,FALSE,FALSE,FALSE,FALSE,FALSE,FALSE,FALSE,FALSE,-1,3,SPARK
,,,,,,,,,,,,,,,,,,,,,,,,,,,,,,,,
1,org.dnaq.dialer2_17.apk,config_DroidSafe_kobjsens3.xml,2263,687651.8149,10,2,97,12,kobjsens,FALSE,FALSE,FALSE,FALSE,FALSE,FALSE,FALSE,FALSE,FALSE,FALSE,FALSE,FALSE,FALSE,FALSE,FALSE,FALSE,FALSE,FALSE,FALSE,FALSE,-1,3,SPARK
1,org.dnaq.dialer2_17.apk,config_DroidSafe_nova.xml,1134,281565.4788,10,0,97,7,nova,FALSE,FALSE,FALSE,FALSE,FALSE,FALSE,FALSE,FALSE,FALSE,FALSE,FALSE,FALSE,FALSE,FALSE,FALSE,FALSE,TRUE,FALSE,FALSE,FALSE,-1,3,SPARK
,,,,,,,,,,,,,,,,,,,,,,,,,,,,,,,,
2,org.dnaq.dialer2_17.apk,config_DroidSafe_kobjsens3.xml,2263,505200.8456,10,2,97,12,kobjsens,FALSE,FALSE,FALSE,FALSE,FALSE,FALSE,FALSE,FALSE,FALSE,FALSE,FALSE,FALSE,FALSE,FALSE,FALSE,FALSE,FALSE,FALSE,FALSE,FALSE,-1,3,SPARK
2,org.dnaq.dialer2_17.apk,config_DroidSafe_nova.xml,1134,365250.7505,10,0,97,7,nova,FALSE,FALSE,FALSE,FALSE,FALSE,FALSE,FALSE,FALSE,FALSE,FALSE,FALSE,FALSE,FALSE,FALSE,FALSE,FALSE,TRUE,FALSE,FALSE,FALSE,-1,3,SPARK
,,,,,,,,,,,,,,,,,,,,,,,,,,,,,,,,
3,org.dnaq.dialer2_17.apk,config_DroidSafe_kobjsens3.xml,2263,857005.9181,10,2,97,12,kobjsens,FALSE,FALSE,FALSE,FALSE,FALSE,FALSE,FALSE,FALSE,FALSE,FALSE,FALSE,FALSE,FALSE,FALSE,FALSE,FALSE,FALSE,FALSE,FALSE,FALSE,-1,3,SPARK
3,org.dnaq.dialer2_17.apk,config_DroidSafe_nova.xml,1134,411346.3354,10,0,97,7,nova,FALSE,FALSE,FALSE,FALSE,FALSE,FALSE,FALSE,FALSE,FALSE,FALSE,FALSE,FALSE,FALSE,FALSE,FALSE,FALSE,TRUE,FALSE,FALSE,FALSE,-1,3,SPARK
,,,,,,,,,,,,,,,,,,,,,,,,,,,,,,,,
1,net.tedstein.AndroSS_17.apk,config_DroidSafe_limitcontextforstring.xml,763,1583904.795,4,3,42,10,limitcontextforstrings,FALSE,FALSE,FALSE,FALSE,FALSE,FALSE,FALSE,FALSE,TRUE,FALSE,FALSE,FALSE,FALSE,FALSE,FALSE,FALSE,FALSE,FALSE,FALSE,FALSE,-1,3,SPARK
1,net.tedstein.AndroSS_17.apk,config_DroidSafe_kobjsens3.xml,0,627988.9496,4,0,42,0,kobjsens,FALSE,FALSE,FALSE,FALSE,FALSE,FALSE,FALSE,FALSE,FALSE,FALSE,FALSE,FALSE,FALSE,FALSE,FALSE,FALSE,FALSE,FALSE,FALSE,FALSE,-1,3,SPARK
,,,,,,,,,,,,,,,,,,,,,,,,,,,,,,,,
2,net.tedstein.AndroSS_17.apk,config_DroidSafe_limitcontextforstring.xml,763,1201249.091,4,3,42,10,limitcontextforstrings,FALSE,FALSE,FALSE,FALSE,FALSE,FALSE,FALSE,FALSE,TRUE,FALSE,FALSE,FALSE,FALSE,FALSE,FALSE,FALSE,FALSE,FALSE,FALSE,FALSE,-1,3,SPARK
2,net.tedstein.AndroSS_17.apk,config_DroidSafe_kobjsens3.xml,0,650384.8417,4,0,42,0,kobjsens,FALSE,FALSE,FALSE,FALSE,FALSE,FALSE,FALSE,FALSE,FALSE,FALSE,FALSE,FALSE,FALSE,FALSE,FALSE,FALSE,FALSE,FALSE,FALSE,FALSE,-1,3,SPARK
,,,,,,,,,,,,,,,,,,,,,,,,,,,,,,,,
3,net.tedstein.AndroSS_17.apk,config_DroidSafe_limitcontextforstring.xml,763,2255964.158,4,3,42,10,limitcontextforstrings,FALSE,FALSE,FALSE,FALSE,FALSE,FALSE,FALSE,FALSE,TRUE,FALSE,FALSE,FALSE,FALSE,FALSE,FALSE,FALSE,FALSE,FALSE,FALSE,FALSE,-1,3,SPARK
3,net.tedstein.AndroSS_17.apk,config_DroidSafe_kobjsens3.xml,0,811310.1803,4,0,42,0,kobjsens,FALSE,FALSE,FALSE,FALSE,FALSE,FALSE,FALSE,FALSE,FALSE,FALSE,FALSE,FALSE,FALSE,FALSE,FALSE,FALSE,FALSE,FALSE,FALSE,FALSE,-1,3,SPARK
,,,,,,,,,,,,,,,,,,,,,,,,,,,,,,,,
1,ru.henridellal.dialer_10.apk,config_DroidSafe_kobjsens1.xml,11343,607662.8475,7,3,33,23,kobjsens,FALSE,FALSE,FALSE,FALSE,FALSE,FALSE,FALSE,FALSE,FALSE,FALSE,FALSE,FALSE,FALSE,FALSE,FALSE,FALSE,FALSE,FALSE,FALSE,FALSE,-1,1,SPARK
1,ru.henridellal.dialer_10.apk,config_DroidSafe_kobjsens2.xml,0,877403.2087,7,0,33,0,kobjsens,FALSE,FALSE,FALSE,FALSE,FALSE,FALSE,FALSE,FALSE,FALSE,FALSE,FALSE,FALSE,FALSE,FALSE,FALSE,FALSE,FALSE,FALSE,FALSE,FALSE,-1,2,SPARK
,,,,,,,,,,,,,,,,,,,,,,,,,,,,,,,,
2,ru.henridellal.dialer_10.apk,config_DroidSafe_kobjsens1.xml,11343,423891.9427,7,3,33,23,kobjsens,FALSE,FALSE,FALSE,FALSE,FALSE,FALSE,FALSE,FALSE,FALSE,FALSE,FALSE,FALSE,FALSE,FALSE,FALSE,FALSE,FALSE,FALSE,FALSE,FALSE,-1,1,SPARK
2,ru.henridellal.dialer_10.apk,config_DroidSafe_kobjsens2.xml,0,749044.0203,7,0,33,0,kobjsens,FALSE,FALSE,FALSE,FALSE,FALSE,FALSE,FALSE,FALSE,FALSE,FALSE,FALSE,FALSE,FALSE,FALSE,FALSE,FALSE,FALSE,FALSE,FALSE,FALSE,-1,2,SPARK
,,,,,,,,,,,,,,,,,,,,,,,,,,,,,,,,
3,ru.henridellal.dialer_10.apk,config_DroidSafe_kobjsens1.xml,11343,699463.5292,7,3,33,23,kobjsens,FALSE,FALSE,FALSE,FALSE,FALSE,FALSE,FALSE,FALSE,FALSE,FALSE,FALSE,FALSE,FALSE,FALSE,FALSE,FALSE,FALSE,FALSE,FALSE,FALSE,-1,1,SPARK
3,ru.henridellal.dialer_10.apk,config_DroidSafe_kobjsens2.xml,0,881869.9335,7,0,33,0,kobjsens,FALSE,FALSE,FALSE,FALSE,FALSE,FALSE,FALSE,FALSE,FALSE,FALSE,FALSE,FALSE,FALSE,FALSE,FALSE,FALSE,FALSE,FALSE,FALSE,FALSE,-1,2,SPARK
,,,,,,,,,,,,,,,,,,,,,,,,,,,,,,,,
1,net.tedstein.AndroSS_17.apk,config_DroidSafe_kobjsens2.xml,783,411461.9817,4,3,42,13,kobjsens,FALSE,FALSE,FALSE,FALSE,FALSE,FALSE,FALSE,FALSE,FALSE,FALSE,FALSE,FALSE,FALSE,FALSE,FALSE,FALSE,FALSE,FALSE,FALSE,FALSE,-1,2,SPARK
1,net.tedstein.AndroSS_17.apk,config_DroidSafe_kobjsens3.xml,0,627988.9496,4,0,42,0,kobjsens,FALSE,FALSE,FALSE,FALSE,FALSE,FALSE,FALSE,FALSE,FALSE,FALSE,FALSE,FALSE,FALSE,FALSE,FALSE,FALSE,FALSE,FALSE,FALSE,FALSE,-1,3,SPARK
,,,,,,,,,,,,,,,,,,,,,,,,,,,,,,,,
1,org.dyndns.sven_ola.debian_kit_6.apk,config_DroidSafe_kobjsens2.xml,73,623164.3735,2,2,19,3,kobjsens,FALSE,FALSE,FALSE,FALSE,FALSE,FALSE,FALSE,FALSE,FALSE,FALSE,FALSE,FALSE,FALSE,FALSE,FALSE,FALSE,FALSE,FALSE,FALSE,FALSE,-1,2,SPARK
1,org.dyndns.sven_ola.debian_kit_6.apk,config_DroidSafe_kobjsens3.xml,0,773602.1977,2,0,19,0,kobjsens,FALSE,FALSE,FALSE,FALSE,FALSE,FALSE,FALSE,FALSE,FALSE,FALSE,FALSE,FALSE,FALSE,FALSE,FALSE,FALSE,FALSE,FALSE,FALSE,FALSE,-1,3,SPARK
,,,,,,,,,,,,,,,,,,,,,,,,,,,,,,,,
1,org.jsl.wfwt_14.apk,config_DroidSafe_kobjsens2.xml,7025,863356.2983,4,4,53,29,kobjsens,FALSE,FALSE,FALSE,FALSE,FALSE,FALSE,FALSE,FALSE,FALSE,FALSE,FALSE,FALSE,FALSE,FALSE,FALSE,FALSE,FALSE,FALSE,FALSE,FALSE,-1,2,SPARK
1,org.jsl.wfwt_14.apk,config_DroidSafe_kobjsens3.xml,0,961744.4215,4,0,53,0,kobjsens,FALSE,FALSE,FALSE,FALSE,FALSE,FALSE,FALSE,FALSE,FALSE,FALSE,FALSE,FALSE,FALSE,FALSE,FALSE,FALSE,FALSE,FALSE,FALSE,FALSE,-1,3,SPARK
,,,,,,,,,,,,,,,,,,,,,,,,,,,,,,,,
2,net.tedstein.AndroSS_17.apk,config_DroidSafe_kobjsens2.xml,783,308333.8284,4,3,42,13,kobjsens,FALSE,FALSE,FALSE,FALSE,FALSE,FALSE,FALSE,FALSE,FALSE,FALSE,FALSE,FALSE,FALSE,FALSE,FALSE,FALSE,FALSE,FALSE,FALSE,FALSE,-1,2,SPARK
2,net.tedstein.AndroSS_17.apk,config_DroidSafe_kobjsens3.xml,0,650384.8417,4,0,42,0,kobjsens,FALSE,FALSE,FALSE,FALSE,FALSE,FALSE,FALSE,FALSE,FALSE,FALSE,FALSE,FALSE,FALSE,FALSE,FALSE,FALSE,FALSE,FALSE,FALSE,FALSE,-1,3,SPARK
,,,,,,,,,,,,,,,,,,,,,,,,,,,,,,,,
2,org.dyndns.sven_ola.debian_kit_6.apk,config_DroidSafe_kobjsens2.xml,73,619730.8772,2,2,19,3,kobjsens,FALSE,FALSE,FALSE,FALSE,FALSE,FALSE,FALSE,FALSE,FALSE,FALSE,FALSE,FALSE,FALSE,FALSE,FALSE,FALSE,FALSE,FALSE,FALSE,FALSE,-1,2,SPARK
2,org.dyndns.sven_ola.debian_kit_6.apk,config_DroidSafe_kobjsens3.xml,0,538192.2729,2,0,19,0,kobjsens,FALSE,FALSE,FALSE,FALSE,FALSE,FALSE,FALSE,FALSE,FALSE,FALSE,FALSE,FALSE,FALSE,FALSE,FALSE,FALSE,FALSE,FALSE,FALSE,FALSE,-1,3,SPARK
,,,,,,,,,,,,,,,,,,,,,,,,,,,,,,,,
2,org.jsl.wfwt_14.apk,config_DroidSafe_kobjsens2.xml,7025,555643.8605,4,4,53,29,kobjsens,FALSE,FALSE,FALSE,FALSE,FALSE,FALSE,FALSE,FALSE,FALSE,FALSE,FALSE,FALSE,FALSE,FALSE,FALSE,FALSE,FALSE,FALSE,FALSE,FALSE,-1,2,SPARK
2,org.jsl.wfwt_14.apk,config_DroidSafe_kobjsens3.xml,0,717886.0371,4,0,53,0,kobjsens,FALSE,FALSE,FALSE,FALSE,FALSE,FALSE,FALSE,FALSE,FALSE,FALSE,FALSE,FALSE,FALSE,FALSE,FALSE,FALSE,FALSE,FALSE,FALSE,FALSE,-1,3,SPARK
,,,,,,,,,,,,,,,,,,,,,,,,,,,,,,,,
3,net.tedstein.AndroSS_17.apk,config_DroidSafe_kobjsens2.xml,783,474067.6432,4,3,42,13,kobjsens,FALSE,FALSE,FALSE,FALSE,FALSE,FALSE,FALSE,FALSE,FALSE,FALSE,FALSE,FALSE,FALSE,FALSE,FALSE,FALSE,FALSE,FALSE,FALSE,FALSE,-1,2,SPARK
3,net.tedstein.AndroSS_17.apk,config_DroidSafe_kobjsens3.xml,0,811310.1803,4,0,42,0,kobjsens,FALSE,FALSE,FALSE,FALSE,FALSE,FALSE,FALSE,FALSE,FALSE,FALSE,FALSE,FALSE,FALSE,FALSE,FALSE,FALSE,FALSE,FALSE,FALSE,FALSE,-1,3,SPARK
,,,,,,,,,,,,,,,,,,,,,,,,,,,,,,,,
3,org.dyndns.sven_ola.debian_kit_6.apk,config_DroidSafe_kobjsens2.xml,73,679377.0344,2,2,19,3,kobjsens,FALSE,FALSE,FALSE,FALSE,FALSE,FALSE,FALSE,FALSE,FALSE,FALSE,FALSE,FALSE,FALSE,FALSE,FALSE,FALSE,FALSE,FALSE,FALSE,FALSE,-1,2,SPARK
3,org.dyndns.sven_ola.debian_kit_6.apk,config_DroidSafe_kobjsens3.xml,0,885793.1886,2,0,19,0,kobjsens,FALSE,FALSE,FALSE,FALSE,FALSE,FALSE,FALSE,FALSE,FALSE,FALSE,FALSE,FALSE,FALSE,FALSE,FALSE,FALSE,FALSE,FALSE,FALSE,FALSE,-1,3,SPARK
,,,,,,,,,,,,,,,,,,,,,,,,,,,,,,,,
3,org.jsl.wfwt_14.apk,config_DroidSafe_kobjsens2.xml,7025,767091.653,4,4,53,29,kobjsens,FALSE,FALSE,FALSE,FALSE,FALSE,FALSE,FALSE,FALSE,FALSE,FALSE,FALSE,FALSE,FALSE,FALSE,FALSE,FALSE,FALSE,FALSE,FALSE,FALSE,-1,2,SPARK
3,org.jsl.wfwt_14.apk,config_DroidSafe_kobjsens3.xml,0,1232100.172,4,0,53,0,kobjsens,FALSE,FALSE,FALSE,FALSE,FALSE,FALSE,FALSE,FALSE,FALSE,FALSE,FALSE,FALSE,FALSE,FALSE,FALSE,FALSE,FALSE,FALSE,FALSE,FALSE,-1,3,SPARK
,,,,,,,,,,,,,,,,,,,,,,,,,,,,,,,,
1,org.dnaq.dialer2_17.apk,config_DroidSafe_kobjsens3.xml,2263,687651.8149,10,2,97,12,kobjsens,FALSE,FALSE,FALSE,FALSE,FALSE,FALSE,FALSE,FALSE,FALSE,FALSE,FALSE,FALSE,FALSE,FALSE,FALSE,FALSE,FALSE,FALSE,FALSE,FALSE,-1,3,SPARK
1,org.dnaq.dialer2_17.apk,config_DroidSafe_kobjsens4.xml,0,692027.051,10,0,97,0,kobjsens,FALSE,FALSE,FALSE,FALSE,FALSE,FALSE,FALSE,FALSE,FALSE,FALSE,FALSE,FALSE,FALSE,FALSE,FALSE,FALSE,FALSE,FALSE,FALSE,FALSE,-1,4,SPARK
,,,,,,,,,,,,,,,,,,,,,,,,,,,,,,,,
1,pt.isec.tp.am_4.apk,config_DroidSafe_kobjsens3.xml,4,382267.0731,1,1,2,0,kobjsens,FALSE,FALSE,FALSE,FALSE,FALSE,FALSE,FALSE,FALSE,FALSE,FALSE,FALSE,FALSE,FALSE,FALSE,FALSE,FALSE,FALSE,FALSE,FALSE,FALSE,-1,3,SPARK
1,pt.isec.tp.am_4.apk,config_DroidSafe_kobjsens4.xml,0,648788.7201,1,0,2,0,kobjsens,FALSE,FALSE,FALSE,FALSE,FALSE,FALSE,FALSE,FALSE,FALSE,FALSE,FALSE,FALSE,FALSE,FALSE,FALSE,FALSE,FALSE,FALSE,FALSE,FALSE,-1,4,SPARK
,,,,,,,,,,,,,,,,,,,,,,,,,,,,,,,,
2,org.dnaq.dialer2_17.apk,config_DroidSafe_kobjsens3.xml,2263,505200.8456,10,2,97,12,kobjsens,FALSE,FALSE,FALSE,FALSE,FALSE,FALSE,FALSE,FALSE,FALSE,FALSE,FALSE,FALSE,FALSE,FALSE,FALSE,FALSE,FALSE,FALSE,FALSE,FALSE,-1,3,SPARK
2,org.dnaq.dialer2_17.apk,config_DroidSafe_kobjsens4.xml,0,651851.2712,10,0,97,0,kobjsens,FALSE,FALSE,FALSE,FALSE,FALSE,FALSE,FALSE,FALSE,FALSE,FALSE,FALSE,FALSE,FALSE,FALSE,FALSE,FALSE,FALSE,FALSE,FALSE,FALSE,-1,4,SPARK
,,,,,,,,,,,,,,,,,,,,,,,,,,,,,,,,
2,pt.isec.tp.am_4.apk,config_DroidSafe_kobjsens3.xml,4,313441.7907,1,1,2,0,kobjsens,FALSE,FALSE,FALSE,FALSE,FALSE,FALSE,FALSE,FALSE,FALSE,FALSE,FALSE,FALSE,FALSE,FALSE,FALSE,FALSE,FALSE,FALSE,FALSE,FALSE,-1,3,SPARK
2,pt.isec.tp.am_4.apk,config_DroidSafe_kobjsens4.xml,0,436947.652,1,0,2,0,kobjsens,FALSE,FALSE,FALSE,FALSE,FALSE,FALSE,FALSE,FALSE,FALSE,FALSE,FALSE,FALSE,FALSE,FALSE,FALSE,FALSE,FALSE,FALSE,FALSE,FALSE,-1,4,SPARK
,,,,,,,,,,,,,,,,,,,,,,,,,,,,,,,,
3,org.dnaq.dialer2_17.apk,config_DroidSafe_kobjsens3.xml,2263,857005.9181,10,2,97,12,kobjsens,FALSE,FALSE,FALSE,FALSE,FALSE,FALSE,FALSE,FALSE,FALSE,FALSE,FALSE,FALSE,FALSE,FALSE,FALSE,FALSE,FALSE,FALSE,FALSE,FALSE,-1,3,SPARK
3,org.dnaq.dialer2_17.apk,config_DroidSafe_kobjsens4.xml,0,1043577.719,10,0,97,0,kobjsens,FALSE,FALSE,FALSE,FALSE,FALSE,FALSE,FALSE,FALSE,FALSE,FALSE,FALSE,FALSE,FALSE,FALSE,FALSE,FALSE,FALSE,FALSE,FALSE,FALSE,-1,4,SPARK
,,,,,,,,,,,,,,,,,,,,,,,,,,,,,,,,
3,pt.isec.tp.am_4.apk,config_DroidSafe_kobjsens3.xml,4,554000.7231,1,1,2,0,kobjsens,FALSE,FALSE,FALSE,FALSE,FALSE,FALSE,FALSE,FALSE,FALSE,FALSE,FALSE,FALSE,FALSE,FALSE,FALSE,FALSE,FALSE,FALSE,FALSE,FALSE,-1,3,SPARK
3,pt.isec.tp.am_4.apk,config_DroidSafe_kobjsens4.xml,0,782960.022,1,0,2,0,kobjsens,FALSE,FALSE,FALSE,FALSE,FALSE,FALSE,FALSE,FALSE,FALSE,FALSE,FALSE,FALSE,FALSE,FALSE,FALSE,FALSE,FALSE,FALSE,FALSE,FALSE,-1,4,SPARK
,,,,,,,,,,,,,,,,,,,,,,,,,,,,,,,,
1,org.tuxpaint_923.apk,config_DroidSafe_kobjsens4.xml,68,1663534.114,4,3,0,0,kobjsens,FALSE,FALSE,FALSE,FALSE,FALSE,FALSE,FALSE,FALSE,FALSE,FALSE,FALSE,FALSE,FALSE,FALSE,FALSE,FALSE,FALSE,FALSE,FALSE,FALSE,-1,4,SPARK
1,org.tuxpaint_923.apk,config_DroidSafe_kobjsens5.xml,0,1140570.706,4,0,0,0,kobjsens,FALSE,FALSE,FALSE,FALSE,FALSE,FALSE,FALSE,FALSE,FALSE,FALSE,FALSE,FALSE,FALSE,FALSE,FALSE,FALSE,FALSE,FALSE,FALSE,FALSE,-1,5,SPARK
,,,,,,,,,,,,,,,,,,,,,,,,,,,,,,,,
2,org.tuxpaint_923.apk,config_DroidSafe_kobjsens4.xml,68,1602373.707,4,3,0,0,kobjsens,FALSE,FALSE,FALSE,FALSE,FALSE,FALSE,FALSE,FALSE,FALSE,FALSE,FALSE,FALSE,FALSE,FALSE,FALSE,FALSE,FALSE,FALSE,FALSE,FALSE,-1,4,SPARK
2,org.tuxpaint_923.apk,config_DroidSafe_kobjsens5.xml,0,653225.9365,4,0,0,0,kobjsens,FALSE,FALSE,FALSE,FALSE,FALSE,FALSE,FALSE,FALSE,FALSE,FALSE,FALSE,FALSE,FALSE,FALSE,FALSE,FALSE,FALSE,FALSE,FALSE,FALSE,-1,5,SPARK
,,,,,,,,,,,,,,,,,,,,,,,,,,,,,,,,
3,org.tuxpaint_923.apk,config_DroidSafe_kobjsens4.xml,68,2905886.438,4,3,0,0,kobjsens,FALSE,FALSE,FALSE,FALSE,FALSE,FALSE,FALSE,FALSE,FALSE,FALSE,FALSE,FALSE,FALSE,FALSE,FALSE,FALSE,FALSE,FALSE,FALSE,FALSE,-1,4,SPARK
3,org.tuxpaint_923.apk,config_DroidSafe_kobjsens5.xml,0,1818856.696,4,0,0,0,kobjsens,FALSE,FALSE,FALSE,FALSE,FALSE,FALSE,FALSE,FALSE,FALSE,FALSE,FALSE,FALSE,FALSE,FALSE,FALSE,FALSE,FALSE,FALSE,FALSE,FALSE,-1,5,SPARK
,,,,,,,,,,,,,,,,,,,,,,,,,,,,,,,,
1,org.tuxpaint_923.apk,config_DroidSafe_apicalldepth600.xml,68,1889806.62,4,3,0,0,apicalldepth,FALSE,FALSE,FALSE,FALSE,FALSE,FALSE,FALSE,FALSE,FALSE,FALSE,FALSE,FALSE,FALSE,FALSE,FALSE,FALSE,FALSE,FALSE,FALSE,FALSE,0,3,SPARK
1,org.tuxpaint_923.apk,config_DroidSafe_apicalldepth1.xml,0,2743863.896,4,0,0,0,apicalldepth,FALSE,FALSE,FALSE,FALSE,FALSE,FALSE,FALSE,FALSE,FALSE,FALSE,FALSE,FALSE,FALSE,FALSE,FALSE,FALSE,FALSE,FALSE,FALSE,FALSE,1,3,SPARK
,,,,,,,,,,,,,,,,,,,,,,,,,,,,,,,,
1,pt.isec.tp.am_4.apk,config_DroidSafe_apicalldepth600.xml,4,451554.169,1,1,2,0,apicalldepth,FALSE,FALSE,FALSE,FALSE,FALSE,FALSE,FALSE,FALSE,FALSE,FALSE,FALSE,FALSE,FALSE,FALSE,FALSE,FALSE,FALSE,FALSE,FALSE,FALSE,0,3,SPARK
1,pt.isec.tp.am_4.apk,config_DroidSafe_apicalldepth1.xml,0,549947.1877,1,0,2,0,apicalldepth,FALSE,FALSE,FALSE,FALSE,FALSE,FALSE,FALSE,FALSE,FALSE,FALSE,FALSE,FALSE,FALSE,FALSE,FALSE,FALSE,FALSE,FALSE,FALSE,FALSE,1,3,SPARK
,,,,,,,,,,,,,,,,,,,,,,,,,,,,,,,,
2,org.tuxpaint_923.apk,config_DroidSafe_apicalldepth600.xml,68,770066.0209,4,3,0,0,apicalldepth,FALSE,FALSE,FALSE,FALSE,FALSE,FALSE,FALSE,FALSE,FALSE,FALSE,FALSE,FALSE,FALSE,FALSE,FALSE,FALSE,FALSE,FALSE,FALSE,FALSE,0,3,SPARK
2,org.tuxpaint_923.apk,config_DroidSafe_apicalldepth1.xml,0,440829.6102,4,0,0,0,apicalldepth,FALSE,FALSE,FALSE,FALSE,FALSE,FALSE,FALSE,FALSE,FALSE,FALSE,FALSE,FALSE,FALSE,FALSE,FALSE,FALSE,FALSE,FALSE,FALSE,FALSE,1,3,SPARK
,,,,,,,,,,,,,,,,,,,,,,,,,,,,,,,,
2,pt.isec.tp.am_4.apk,config_DroidSafe_apicalldepth600.xml,4,229845.42,1,1,2,0,apicalldepth,FALSE,FALSE,FALSE,FALSE,FALSE,FALSE,FALSE,FALSE,FALSE,FALSE,FALSE,FALSE,FALSE,FALSE,FALSE,FALSE,FALSE,FALSE,FALSE,FALSE,0,3,SPARK
2,pt.isec.tp.am_4.apk,config_DroidSafe_apicalldepth1.xml,0,139492.8238,1,0,2,0,apicalldepth,FALSE,FALSE,FALSE,FALSE,FALSE,FALSE,FALSE,FALSE,FALSE,FALSE,FALSE,FALSE,FALSE,FALSE,FALSE,FALSE,FALSE,FALSE,FALSE,FALSE,1,3,SPARK
,,,,,,,,,,,,,,,,,,,,,,,,,,,,,,,,
3,org.tuxpaint_923.apk,config_DroidSafe_apicalldepth600.xml,68,1885306.456,4,3,0,0,apicalldepth,FALSE,FALSE,FALSE,FALSE,FALSE,FALSE,FALSE,FALSE,FALSE,FALSE,FALSE,FALSE,FALSE,FALSE,FALSE,FALSE,FALSE,FALSE,FALSE,FALSE,0,3,SPARK
3,org.tuxpaint_923.apk,config_DroidSafe_apicalldepth1.xml,0,1636639.723,4,0,0,0,apicalldepth,FALSE,FALSE,FALSE,FALSE,FALSE,FALSE,FALSE,FALSE,FALSE,FALSE,FALSE,FALSE,FALSE,FALSE,FALSE,FALSE,FALSE,FALSE,FALSE,FALSE,1,3,SPARK
,,,,,,,,,,,,,,,,,,,,,,,,,,,,,,,,
3,pt.isec.tp.am_4.apk,config_DroidSafe_apicalldepth600.xml,4,554625.0617,1,1,2,0,apicalldepth,FALSE,FALSE,FALSE,FALSE,FALSE,FALSE,FALSE,FALSE,FALSE,FALSE,FALSE,FALSE,FALSE,FALSE,FALSE,FALSE,FALSE,FALSE,FALSE,FALSE,0,3,SPARK
3,pt.isec.tp.am_4.apk,config_DroidSafe_apicalldepth1.xml,0,360957.1636,1,0,2,0,apicalldepth,FALSE,FALSE,FALSE,FALSE,FALSE,FALSE,FALSE,FALSE,FALSE,FALSE,FALSE,FALSE,FALSE,FALSE,FALSE,FALSE,FALSE,FALSE,FALSE,FALSE,1,3,SPARK
,,,,,,,,,,,,,,,,,,,,,,,,,,,,,,,,
1,net.tedstein.AndroSS_17.apk,config_DroidSafe_limitcontextforcomplex.xml,516,568276.5103,4,3,42,11,limitcontextforcomplex,FALSE,FALSE,FALSE,FALSE,FALSE,FALSE,TRUE,FALSE,FALSE,FALSE,FALSE,FALSE,FALSE,FALSE,FALSE,FALSE,FALSE,FALSE,FALSE,FALSE,-1,3,SPARK
1,net.tedstein.AndroSS_17.apk,config_DroidSafe_kobjsens3.xml,0,627988.9496,4,0,42,0,kobjsens,FALSE,FALSE,FALSE,FALSE,FALSE,FALSE,FALSE,FALSE,FALSE,FALSE,FALSE,FALSE,FALSE,FALSE,FALSE,FALSE,FALSE,FALSE,FALSE,FALSE,-1,3,SPARK
,,,,,,,,,,,,,,,,,,,,,,,,,,,,,,,,
1,org.dyndns.sven_ola.debian_kit_6.apk,config_DroidSafe_limitcontextforcomplex.xml,49,978248.3635,2,2,19,3,limitcontextforcomplex,FALSE,FALSE,FALSE,FALSE,FALSE,FALSE,TRUE,FALSE,FALSE,FALSE,FALSE,FALSE,FALSE,FALSE,FALSE,FALSE,FALSE,FALSE,FALSE,FALSE,-1,3,SPARK
1,org.dyndns.sven_ola.debian_kit_6.apk,config_DroidSafe_kobjsens3.xml,0,773602.1977,2,0,19,0,kobjsens,FALSE,FALSE,FALSE,FALSE,FALSE,FALSE,FALSE,FALSE,FALSE,FALSE,FALSE,FALSE,FALSE,FALSE,FALSE,FALSE,FALSE,FALSE,FALSE,FALSE,-1,3,SPARK
,,,,,,,,,,,,,,,,,,,,,,,,,,,,,,,,
1,org.jsl.wfwt_14.apk,config_DroidSafe_limitcontextforcomplex.xml,680,767576.9692,4,1,53,4,limitcontextforcomplex,FALSE,FALSE,FALSE,FALSE,FALSE,FALSE,TRUE,FALSE,FALSE,FALSE,FALSE,FALSE,FALSE,FALSE,FALSE,FALSE,FALSE,FALSE,FALSE,FALSE,-1,3,SPARK
1,org.jsl.wfwt_14.apk,config_DroidSafe_kobjsens3.xml,0,961744.4215,4,0,53,0,kobjsens,FALSE,FALSE,FALSE,FALSE,FALSE,FALSE,FALSE,FALSE,FALSE,FALSE,FALSE,FALSE,FALSE,FALSE,FALSE,FALSE,FALSE,FALSE,FALSE,FALSE,-1,3,SPARK
,,,,,,,,,,,,,,,,,,,,,,,,,,,,,,,,
2,net.tedstein.AndroSS_17.apk,config_DroidSafe_limitcontextforcomplex.xml,516,347352.0403,4,3,42,11,limitcontextforcomplex,FALSE,FALSE,FALSE,FALSE,FALSE,FALSE,TRUE,FALSE,FALSE,FALSE,FALSE,FALSE,FALSE,FALSE,FALSE,FALSE,FALSE,FALSE,FALSE,FALSE,-1,3,SPARK
2,net.tedstein.AndroSS_17.apk,config_DroidSafe_kobjsens3.xml,0,650384.8417,4,0,42,0,kobjsens,FALSE,FALSE,FALSE,FALSE,FALSE,FALSE,FALSE,FALSE,FALSE,FALSE,FALSE,FALSE,FALSE,FALSE,FALSE,FALSE,FALSE,FALSE,FALSE,FALSE,-1,3,SPARK
,,,,,,,,,,,,,,,,,,,,,,,,,,,,,,,,
2,org.dyndns.sven_ola.debian_kit_6.apk,config_DroidSafe_limitcontextforcomplex.xml,49,1113836.489,2,2,19,3,limitcontextforcomplex,FALSE,FALSE,FALSE,FALSE,FALSE,FALSE,TRUE,FALSE,FALSE,FALSE,FALSE,FALSE,FALSE,FALSE,FALSE,FALSE,FALSE,FALSE,FALSE,FALSE,-1,3,SPARK
2,org.dyndns.sven_ola.debian_kit_6.apk,config_DroidSafe_kobjsens3.xml,0,538192.2729,2,0,19,0,kobjsens,FALSE,FALSE,FALSE,FALSE,FALSE,FALSE,FALSE,FALSE,FALSE,FALSE,FALSE,FALSE,FALSE,FALSE,FALSE,FALSE,FALSE,FALSE,FALSE,FALSE,-1,3,SPARK
,,,,,,,,,,,,,,,,,,,,,,,,,,,,,,,,
2,org.jsl.wfwt_14.apk,config_DroidSafe_limitcontextforcomplex.xml,680,420943.8752,4,1,53,4,limitcontextforcomplex,FALSE,FALSE,FALSE,FALSE,FALSE,FALSE,TRUE,FALSE,FALSE,FALSE,FALSE,FALSE,FALSE,FALSE,FALSE,FALSE,FALSE,FALSE,FALSE,FALSE,-1,3,SPARK
2,org.jsl.wfwt_14.apk,config_DroidSafe_kobjsens3.xml,0,717886.0371,4,0,53,0,kobjsens,FALSE,FALSE,FALSE,FALSE,FALSE,FALSE,FALSE,FALSE,FALSE,FALSE,FALSE,FALSE,FALSE,FALSE,FALSE,FALSE,FALSE,FALSE,FALSE,FALSE,-1,3,SPARK
,,,,,,,,,,,,,,,,,,,,,,,,,,,,,,,,
3,net.tedstein.AndroSS_17.apk,config_DroidSafe_limitcontextforcomplex.xml,516,774914.1521,4,3,42,11,limitcontextforcomplex,FALSE,FALSE,FALSE,FALSE,FALSE,FALSE,TRUE,FALSE,FALSE,FALSE,FALSE,FALSE,FALSE,FALSE,FALSE,FALSE,FALSE,FALSE,FALSE,FALSE,-1,3,SPARK
3,net.tedstein.AndroSS_17.apk,config_DroidSafe_kobjsens3.xml,0,811310.1803,4,0,42,0,kobjsens,FALSE,FALSE,FALSE,FALSE,FALSE,FALSE,FALSE,FALSE,FALSE,FALSE,FALSE,FALSE,FALSE,FALSE,FALSE,FALSE,FALSE,FALSE,FALSE,FALSE,-1,3,SPARK
,,,,,,,,,,,,,,,,,,,,,,,,,,,,,,,,
3,org.dyndns.sven_ola.debian_kit_6.apk,config_DroidSafe_limitcontextforcomplex.xml,49,1055670.287,2,2,19,3,limitcontextforcomplex,FALSE,FALSE,FALSE,FALSE,FALSE,FALSE,TRUE,FALSE,FALSE,FALSE,FALSE,FALSE,FALSE,FALSE,FALSE,FALSE,FALSE,FALSE,FALSE,FALSE,-1,3,SPARK
3,org.dyndns.sven_ola.debian_kit_6.apk,config_DroidSafe_kobjsens3.xml,0,885793.1886,2,0,19,0,kobjsens,FALSE,FALSE,FALSE,FALSE,FALSE,FALSE,FALSE,FALSE,FALSE,FALSE,FALSE,FALSE,FALSE,FALSE,FALSE,FALSE,FALSE,FALSE,FALSE,FALSE,-1,3,SPARK
,,,,,,,,,,,,,,,,,,,,,,,,,,,,,,,,
3,org.jsl.wfwt_14.apk,config_DroidSafe_limitcontextforcomplex.xml,680,981046.0472,4,1,53,4,limitcontextforcomplex,FALSE,FALSE,FALSE,FALSE,FALSE,FALSE,TRUE,FALSE,FALSE,FALSE,FALSE,FALSE,FALSE,FALSE,FALSE,FALSE,FALSE,FALSE,FALSE,FALSE,-1,3,SPARK
3,org.jsl.wfwt_14.apk,config_DroidSafe_kobjsens3.xml,0,1232100.172,4,0,53,0,kobjsens,FALSE,FALSE,FALSE,FALSE,FALSE,FALSE,FALSE,FALSE,FALSE,FALSE,FALSE,FALSE,FALSE,FALSE,FALSE,FALSE,FALSE,FALSE,FALSE,FALSE,-1,3,SPARK
,,,,,,,,,,,,,,,,,,,,,,,,,,,,,,,,
1,org.dnaq.dialer2_17.apk,config_DroidSafe_kobjsens3.xml,2263,687651.8149,10,2,97,12,kobjsens,FALSE,FALSE,FALSE,FALSE,FALSE,FALSE,FALSE,FALSE,FALSE,FALSE,FALSE,FALSE,FALSE,FALSE,FALSE,FALSE,FALSE,FALSE,FALSE,FALSE,-1,3,SPARK
1,org.dnaq.dialer2_17.apk,config_DroidSafe_analyzestringsunfiltered.xml,0,2174688.693,10,0,97,0,﻿analyzestringsunfiltered,TRUE,FALSE,FALSE,FALSE,FALSE,FALSE,FALSE,FALSE,FALSE,FALSE,FALSE,FALSE,FALSE,FALSE,FALSE,FALSE,FALSE,FALSE,FALSE,FALSE,-1,3,SPARK
,,,,,,,,,,,,,,,,,,,,,,,,,,,,,,,,
1,org.tuxpaint_923.apk,config_DroidSafe_kobjsens3.xml,68,1147447.777,4,3,0,0,kobjsens,FALSE,FALSE,FALSE,FALSE,FALSE,FALSE,FALSE,FALSE,FALSE,FALSE,FALSE,FALSE,FALSE,FALSE,FALSE,FALSE,FALSE,FALSE,FALSE,FALSE,-1,3,SPARK
1,org.tuxpaint_923.apk,config_DroidSafe_analyzestringsunfiltered.xml,0,5161960.297,4,0,0,0,﻿analyzestringsunfiltered,TRUE,FALSE,FALSE,FALSE,FALSE,FALSE,FALSE,FALSE,FALSE,FALSE,FALSE,FALSE,FALSE,FALSE,FALSE,FALSE,FALSE,FALSE,FALSE,FALSE,-1,3,SPARK
,,,,,,,,,,,,,,,,,,,,,,,,,,,,,,,,
2,daniel_32.flexiblewallpaper_2.apk,config_DroidSafe_kobjsens3.xml,6,208300.5932,1,1,0,0,kobjsens,FALSE,FALSE,FALSE,FALSE,FALSE,FALSE,FALSE,FALSE,FALSE,FALSE,FALSE,FALSE,FALSE,FALSE,FALSE,FALSE,FALSE,FALSE,FALSE,FALSE,-1,3,SPARK
2,daniel_32.flexiblewallpaper_2.apk,config_DroidSafe_analyzestringsunfiltered.xml,0,2708319.081,1,0,0,0,﻿analyzestringsunfiltered,TRUE,FALSE,FALSE,FALSE,FALSE,FALSE,FALSE,FALSE,FALSE,FALSE,FALSE,FALSE,FALSE,FALSE,FALSE,FALSE,FALSE,FALSE,FALSE,FALSE,-1,3,SPARK
,,,,,,,,,,,,,,,,,,,,,,,,,,,,,,,,
2,org.dnaq.dialer2_17.apk,config_DroidSafe_kobjsens3.xml,2263,505200.8456,10,2,97,12,kobjsens,FALSE,FALSE,FALSE,FALSE,FALSE,FALSE,FALSE,FALSE,FALSE,FALSE,FALSE,FALSE,FALSE,FALSE,FALSE,FALSE,FALSE,FALSE,FALSE,FALSE,-1,3,SPARK
2,org.dnaq.dialer2_17.apk,config_DroidSafe_analyzestringsunfiltered.xml,0,2452018.586,10,0,97,0,﻿analyzestringsunfiltered,TRUE,FALSE,FALSE,FALSE,FALSE,FALSE,FALSE,FALSE,FALSE,FALSE,FALSE,FALSE,FALSE,FALSE,FALSE,FALSE,FALSE,FALSE,FALSE,FALSE,-1,3,SPARK
,,,,,,,,,,,,,,,,,,,,,,,,,,,,,,,,
2,org.tuxpaint_923.apk,config_DroidSafe_kobjsens3.xml,68,1085645.819,4,3,0,0,kobjsens,FALSE,FALSE,FALSE,FALSE,FALSE,FALSE,FALSE,FALSE,FALSE,FALSE,FALSE,FALSE,FALSE,FALSE,FALSE,FALSE,FALSE,FALSE,FALSE,FALSE,-1,3,SPARK
2,org.tuxpaint_923.apk,config_DroidSafe_analyzestringsunfiltered.xml,0,1480972.791,4,0,0,0,﻿analyzestringsunfiltered,TRUE,FALSE,FALSE,FALSE,FALSE,FALSE,FALSE,FALSE,FALSE,FALSE,FALSE,FALSE,FALSE,FALSE,FALSE,FALSE,FALSE,FALSE,FALSE,FALSE,-1,3,SPARK
,,,,,,,,,,,,,,,,,,,,,,,,,,,,,,,,
2,pt.isec.tp.am_4.apk,config_DroidSafe_kobjsens3.xml,4,313441.7907,1,1,2,0,kobjsens,FALSE,FALSE,FALSE,FALSE,FALSE,FALSE,FALSE,FALSE,FALSE,FALSE,FALSE,FALSE,FALSE,FALSE,FALSE,FALSE,FALSE,FALSE,FALSE,FALSE,-1,3,SPARK
2,pt.isec.tp.am_4.apk,config_DroidSafe_analyzestringsunfiltered.xml,0,3043520.453,1,0,2,0,﻿analyzestringsunfiltered,TRUE,FALSE,FALSE,FALSE,FALSE,FALSE,FALSE,FALSE,FALSE,FALSE,FALSE,FALSE,FALSE,FALSE,FALSE,FALSE,FALSE,FALSE,FALSE,FALSE,-1,3,SPARK
,,,,,,,,,,,,,,,,,,,,,,,,,,,,,,,,
3,daniel_32.flexiblewallpaper_2.apk,config_DroidSafe_kobjsens3.xml,6,375117.0458,1,1,0,0,kobjsens,FALSE,FALSE,FALSE,FALSE,FALSE,FALSE,FALSE,FALSE,FALSE,FALSE,FALSE,FALSE,FALSE,FALSE,FALSE,FALSE,FALSE,FALSE,FALSE,FALSE,-1,3,SPARK
3,daniel_32.flexiblewallpaper_2.apk,config_DroidSafe_analyzestringsunfiltered.xml,0,5846558.093,1,0,0,0,﻿analyzestringsunfiltered,TRUE,FALSE,FALSE,FALSE,FALSE,FALSE,FALSE,FALSE,FALSE,FALSE,FALSE,FALSE,FALSE,FALSE,FALSE,FALSE,FALSE,FALSE,FALSE,FALSE,-1,3,SPARK
,,,,,,,,,,,,,,,,,,,,,,,,,,,,,,,,
3,org.dnaq.dialer2_17.apk,config_DroidSafe_kobjsens3.xml,2263,857005.9181,10,2,97,12,kobjsens,FALSE,FALSE,FALSE,FALSE,FALSE,FALSE,FALSE,FALSE,FALSE,FALSE,FALSE,FALSE,FALSE,FALSE,FALSE,FALSE,FALSE,FALSE,FALSE,FALSE,-1,3,SPARK
3,org.dnaq.dialer2_17.apk,config_DroidSafe_analyzestringsunfiltered.xml,0,4825276.723,10,0,97,0,﻿analyzestringsunfiltered,TRUE,FALSE,FALSE,FALSE,FALSE,FALSE,FALSE,FALSE,FALSE,FALSE,FALSE,FALSE,FALSE,FALSE,FALSE,FALSE,FALSE,FALSE,FALSE,FALSE,-1,3,SPARK
,,,,,,,,,,,,,,,,,,,,,,,,,,,,,,,,
3,pt.isec.tp.am_4.apk,config_DroidSafe_kobjsens3.xml,4,554000.7231,1,1,2,0,kobjsens,FALSE,FALSE,FALSE,FALSE,FALSE,FALSE,FALSE,FALSE,FALSE,FALSE,FALSE,FALSE,FALSE,FALSE,FALSE,FALSE,FALSE,FALSE,FALSE,FALSE,-1,3,SPARK
3,pt.isec.tp.am_4.apk,config_DroidSafe_analyzestringsunfiltered.xml,0,5331854.875,1,0,2,0,﻿analyzestringsunfiltered,TRUE,FALSE,FALSE,FALSE,FALSE,FALSE,FALSE,FALSE,FALSE,FALSE,FALSE,FALSE,FALSE,FALSE,FALSE,FALSE,FALSE,FALSE,FALSE,FALSE,-1,3,SPARK
,,,,,,,,,,,,,,,,,,,,,,,,,,,,,,,,
1,anupam.acrylic_17.apk,config_DroidSafe_typesforcontext.xml,0,1946589.634,0,0,28,0,typesforcontext,FALSE,FALSE,FALSE,FALSE,FALSE,FALSE,FALSE,FALSE,FALSE,FALSE,FALSE,FALSE,FALSE,FALSE,FALSE,FALSE,FALSE,FALSE,FALSE,TRUE,-1,3,SPARK
1,anupam.acrylic_17.apk,config_DroidSafe_kobjsens3.xml,17,814703.5331,0,0,28,4,kobjsens,FALSE,FALSE,FALSE,FALSE,FALSE,FALSE,FALSE,FALSE,FALSE,FALSE,FALSE,FALSE,FALSE,FALSE,FALSE,FALSE,FALSE,FALSE,FALSE,FALSE,-1,3,SPARK
,,,,,,,,,,,,,,,,,,,,,,,,,,,,,,,,
2,anupam.acrylic_17.apk,config_DroidSafe_typesforcontext.xml,0,1353214.114,0,0,28,0,typesforcontext,FALSE,FALSE,FALSE,FALSE,FALSE,FALSE,FALSE,FALSE,FALSE,FALSE,FALSE,FALSE,FALSE,FALSE,FALSE,FALSE,FALSE,FALSE,FALSE,TRUE,-1,3,SPARK
2,anupam.acrylic_17.apk,config_DroidSafe_kobjsens3.xml,17,567043.1854,0,0,28,4,kobjsens,FALSE,FALSE,FALSE,FALSE,FALSE,FALSE,FALSE,FALSE,FALSE,FALSE,FALSE,FALSE,FALSE,FALSE,FALSE,FALSE,FALSE,FALSE,FALSE,FALSE,-1,3,SPARK
,,,,,,,,,,,,,,,,,,,,,,,,,,,,,,,,
1,net.tedstein.AndroSS_17.apk,config_DroidSafe_typesforcontext.xml,788,192540.0113,4,3,42,13,typesforcontext,FALSE,FALSE,FALSE,FALSE,FALSE,FALSE,FALSE,FALSE,FALSE,FALSE,FALSE,FALSE,FALSE,FALSE,FALSE,FALSE,FALSE,FALSE,FALSE,TRUE,-1,3,SPARK
1,net.tedstein.AndroSS_17.apk,config_DroidSafe_kobjsens3.xml,0,627988.9496,4,0,42,0,kobjsens,FALSE,FALSE,FALSE,FALSE,FALSE,FALSE,FALSE,FALSE,FALSE,FALSE,FALSE,FALSE,FALSE,FALSE,FALSE,FALSE,FALSE,FALSE,FALSE,FALSE,-1,3,SPARK
,,,,,,,,,,,,,,,,,,,,,,,,,,,,,,,,
1,org.dyndns.sven_ola.debian_kit_6.apk,config_DroidSafe_typesforcontext.xml,75,657173.378,2,2,19,3,typesforcontext,FALSE,FALSE,FALSE,FALSE,FALSE,FALSE,FALSE,FALSE,FALSE,FALSE,FALSE,FALSE,FALSE,FALSE,FALSE,FALSE,FALSE,FALSE,FALSE,TRUE,-1,3,SPARK
1,org.dyndns.sven_ola.debian_kit_6.apk,config_DroidSafe_kobjsens3.xml,0,773602.1977,2,0,19,0,kobjsens,FALSE,FALSE,FALSE,FALSE,FALSE,FALSE,FALSE,FALSE,FALSE,FALSE,FALSE,FALSE,FALSE,FALSE,FALSE,FALSE,FALSE,FALSE,FALSE,FALSE,-1,3,SPARK
,,,,,,,,,,,,,,,,,,,,,,,,,,,,,,,,
2,net.tedstein.AndroSS_17.apk,config_DroidSafe_typesforcontext.xml,788,168775.3478,4,3,42,13,typesforcontext,FALSE,FALSE,FALSE,FALSE,FALSE,FALSE,FALSE,FALSE,FALSE,FALSE,FALSE,FALSE,FALSE,FALSE,FALSE,FALSE,FALSE,FALSE,FALSE,TRUE,-1,3,SPARK
2,net.tedstein.AndroSS_17.apk,config_DroidSafe_kobjsens3.xml,0,650384.8417,4,0,42,0,kobjsens,FALSE,FALSE,FALSE,FALSE,FALSE,FALSE,FALSE,FALSE,FALSE,FALSE,FALSE,FALSE,FALSE,FALSE,FALSE,FALSE,FALSE,FALSE,FALSE,FALSE,-1,3,SPARK
,,,,,,,,,,,,,,,,,,,,,,,,,,,,,,,,
2,org.dyndns.sven_ola.debian_kit_6.apk,config_DroidSafe_typesforcontext.xml,75,716427.7844,2,2,19,3,typesforcontext,FALSE,FALSE,FALSE,FALSE,FALSE,FALSE,FALSE,FALSE,FALSE,FALSE,FALSE,FALSE,FALSE,FALSE,FALSE,FALSE,FALSE,FALSE,FALSE,TRUE,-1,3,SPARK
2,org.dyndns.sven_ola.debian_kit_6.apk,config_DroidSafe_kobjsens3.xml,0,538192.2729,2,0,19,0,kobjsens,FALSE,FALSE,FALSE,FALSE,FALSE,FALSE,FALSE,FALSE,FALSE,FALSE,FALSE,FALSE,FALSE,FALSE,FALSE,FALSE,FALSE,FALSE,FALSE,FALSE,-1,3,SPARK
,,,,,,,,,,,,,,,,,,,,,,,,,,,,,,,,
3,net.tedstein.AndroSS_17.apk,config_DroidSafe_typesforcontext.xml,788,241401.4885,4,3,42,13,typesforcontext,FALSE,FALSE,FALSE,FALSE,FALSE,FALSE,FALSE,FALSE,FALSE,FALSE,FALSE,FALSE,FALSE,FALSE,FALSE,FALSE,FALSE,FALSE,FALSE,TRUE,-1,3,SPARK
3,net.tedstein.AndroSS_17.apk,config_DroidSafe_kobjsens3.xml,0,811310.1803,4,0,42,0,kobjsens,FALSE,FALSE,FALSE,FALSE,FALSE,FALSE,FALSE,FALSE,FALSE,FALSE,FALSE,FALSE,FALSE,FALSE,FALSE,FALSE,FALSE,FALSE,FALSE,FALSE,-1,3,SPARK
,,,,,,,,,,,,,,,,,,,,,,,,,,,,,,,,
3,org.dyndns.sven_ola.debian_kit_6.apk,config_DroidSafe_typesforcontext.xml,75,556913.6116,2,2,19,3,typesforcontext,FALSE,FALSE,FALSE,FALSE,FALSE,FALSE,FALSE,FALSE,FALSE,FALSE,FALSE,FALSE,FALSE,FALSE,FALSE,FALSE,FALSE,FALSE,FALSE,TRUE,-1,3,SPARK
3,org.dyndns.sven_ola.debian_kit_6.apk,config_DroidSafe_kobjsens3.xml,0,885793.1886,2,0,19,0,kobjsens,FALSE,FALSE,FALSE,FALSE,FALSE,FALSE,FALSE,FALSE,FALSE,FALSE,FALSE,FALSE,FALSE,FALSE,FALSE,FALSE,FALSE,FALSE,FALSE,FALSE,-1,3,SPARK
,,,,,,,,,,,,,,,,,,,,,,,,,,,,,,,,
1,net.tedstein.AndroSS_17.apk,config_DroidSafe_limitcontextforgui.xml,516,539415.24,4,3,42,11,limitcontextforgui,FALSE,FALSE,FALSE,FALSE,FALSE,FALSE,FALSE,TRUE,FALSE,FALSE,FALSE,FALSE,FALSE,FALSE,FALSE,FALSE,FALSE,FALSE,FALSE,FALSE,-1,3,SPARK
1,net.tedstein.AndroSS_17.apk,config_DroidSafe_kobjsens3.xml,0,627988.9496,4,0,42,0,kobjsens,FALSE,FALSE,FALSE,FALSE,FALSE,FALSE,FALSE,FALSE,FALSE,FALSE,FALSE,FALSE,FALSE,FALSE,FALSE,FALSE,FALSE,FALSE,FALSE,FALSE,-1,3,SPARK
,,,,,,,,,,,,,,,,,,,,,,,,,,,,,,,,
1,org.dyndns.sven_ola.debian_kit_6.apk,config_DroidSafe_limitcontextforgui.xml,49,1318771.215,2,2,19,3,limitcontextforgui,FALSE,FALSE,FALSE,FALSE,FALSE,FALSE,FALSE,TRUE,FALSE,FALSE,FALSE,FALSE,FALSE,FALSE,FALSE,FALSE,FALSE,FALSE,FALSE,FALSE,-1,3,SPARK
1,org.dyndns.sven_ola.debian_kit_6.apk,config_DroidSafe_kobjsens3.xml,0,773602.1977,2,0,19,0,kobjsens,FALSE,FALSE,FALSE,FALSE,FALSE,FALSE,FALSE,FALSE,FALSE,FALSE,FALSE,FALSE,FALSE,FALSE,FALSE,FALSE,FALSE,FALSE,FALSE,FALSE,-1,3,SPARK
,,,,,,,,,,,,,,,,,,,,,,,,,,,,,,,,
2,net.tedstein.AndroSS_17.apk,config_DroidSafe_limitcontextforgui.xml,516,400842.7453,4,3,42,11,limitcontextforgui,FALSE,FALSE,FALSE,FALSE,FALSE,FALSE,FALSE,TRUE,FALSE,FALSE,FALSE,FALSE,FALSE,FALSE,FALSE,FALSE,FALSE,FALSE,FALSE,FALSE,-1,3,SPARK
2,net.tedstein.AndroSS_17.apk,config_DroidSafe_kobjsens3.xml,0,650384.8417,4,0,42,0,kobjsens,FALSE,FALSE,FALSE,FALSE,FALSE,FALSE,FALSE,FALSE,FALSE,FALSE,FALSE,FALSE,FALSE,FALSE,FALSE,FALSE,FALSE,FALSE,FALSE,FALSE,-1,3,SPARK
,,,,,,,,,,,,,,,,,,,,,,,,,,,,,,,,
2,org.dyndns.sven_ola.debian_kit_6.apk,config_DroidSafe_limitcontextforgui.xml,49,890786.9327,2,2,19,3,limitcontextforgui,FALSE,FALSE,FALSE,FALSE,FALSE,FALSE,FALSE,TRUE,FALSE,FALSE,FALSE,FALSE,FALSE,FALSE,FALSE,FALSE,FALSE,FALSE,FALSE,FALSE,-1,3,SPARK
2,org.dyndns.sven_ola.debian_kit_6.apk,config_DroidSafe_kobjsens3.xml,0,538192.2729,2,0,19,0,kobjsens,FALSE,FALSE,FALSE,FALSE,FALSE,FALSE,FALSE,FALSE,FALSE,FALSE,FALSE,FALSE,FALSE,FALSE,FALSE,FALSE,FALSE,FALSE,FALSE,FALSE,-1,3,SPARK
,,,,,,,,,,,,,,,,,,,,,,,,,,,,,,,,
3,net.tedstein.AndroSS_17.apk,config_DroidSafe_limitcontextforgui.xml,516,443211.0024,4,3,42,11,limitcontextforgui,FALSE,FALSE,FALSE,FALSE,FALSE,FALSE,FALSE,TRUE,FALSE,FALSE,FALSE,FALSE,FALSE,FALSE,FALSE,FALSE,FALSE,FALSE,FALSE,FALSE,-1,3,SPARK
3,net.tedstein.AndroSS_17.apk,config_DroidSafe_kobjsens3.xml,0,811310.1803,4,0,42,0,kobjsens,FALSE,FALSE,FALSE,FALSE,FALSE,FALSE,FALSE,FALSE,FALSE,FALSE,FALSE,FALSE,FALSE,FALSE,FALSE,FALSE,FALSE,FALSE,FALSE,FALSE,-1,3,SPARK
,,,,,,,,,,,,,,,,,,,,,,,,,,,,,,,,
3,org.dyndns.sven_ola.debian_kit_6.apk,config_DroidSafe_limitcontextforgui.xml,49,1516663.856,2,2,19,3,limitcontextforgui,FALSE,FALSE,FALSE,FALSE,FALSE,FALSE,FALSE,TRUE,FALSE,FALSE,FALSE,FALSE,FALSE,FALSE,FALSE,FALSE,FALSE,FALSE,FALSE,FALSE,-1,3,SPARK
3,org.dyndns.sven_ola.debian_kit_6.apk,config_DroidSafe_kobjsens3.xml,0,885793.1886,2,0,19,0,kobjsens,FALSE,FALSE,FALSE,FALSE,FALSE,FALSE,FALSE,FALSE,FALSE,FALSE,FALSE,FALSE,FALSE,FALSE,FALSE,FALSE,FALSE,FALSE,FALSE,FALSE,-1,3,SPARK
,,,,,,,,,,,,,,,,,,,,,,,,,,,,,,,,
1,org.dnaq.dialer2_17.apk,config_DroidSafe_transfertaintfield.xml,3321,368021.4846,10,3,97,26,transfertaintfield,FALSE,FALSE,FALSE,FALSE,FALSE,FALSE,FALSE,FALSE,FALSE,FALSE,FALSE,FALSE,FALSE,FALSE,FALSE,FALSE,FALSE,FALSE,TRUE,FALSE,-1,3,SPARK
1,org.dnaq.dialer2_17.apk,config_DroidSafe_kobjsens3.xml,2263,687651.8149,10,2,97,12,kobjsens,FALSE,FALSE,FALSE,FALSE,FALSE,FALSE,FALSE,FALSE,FALSE,FALSE,FALSE,FALSE,FALSE,FALSE,FALSE,FALSE,FALSE,FALSE,FALSE,FALSE,-1,3,SPARK
,,,,,,,,,,,,,,,,,,,,,,,,,,,,,,,,
1,org.tuxpaint_923.apk,config_DroidSafe_transfertaintfield.xml,80,537980.9149,4,4,0,0,transfertaintfield,FALSE,FALSE,FALSE,FALSE,FALSE,FALSE,FALSE,FALSE,FALSE,FALSE,FALSE,FALSE,FALSE,FALSE,FALSE,FALSE,FALSE,FALSE,TRUE,FALSE,-1,3,SPARK
1,org.tuxpaint_923.apk,config_DroidSafe_kobjsens3.xml,68,1147447.777,4,3,0,0,kobjsens,FALSE,FALSE,FALSE,FALSE,FALSE,FALSE,FALSE,FALSE,FALSE,FALSE,FALSE,FALSE,FALSE,FALSE,FALSE,FALSE,FALSE,FALSE,FALSE,FALSE,-1,3,SPARK
,,,,,,,,,,,,,,,,,,,,,,,,,,,,,,,,
2,org.dnaq.dialer2_17.apk,config_DroidSafe_transfertaintfield.xml,3321,339189.8017,10,3,97,26,transfertaintfield,FALSE,FALSE,FALSE,FALSE,FALSE,FALSE,FALSE,FALSE,FALSE,FALSE,FALSE,FALSE,FALSE,FALSE,FALSE,FALSE,FALSE,FALSE,TRUE,FALSE,-1,3,SPARK
2,org.dnaq.dialer2_17.apk,config_DroidSafe_kobjsens3.xml,2263,505200.8456,10,2,97,12,kobjsens,FALSE,FALSE,FALSE,FALSE,FALSE,FALSE,FALSE,FALSE,FALSE,FALSE,FALSE,FALSE,FALSE,FALSE,FALSE,FALSE,FALSE,FALSE,FALSE,FALSE,-1,3,SPARK
,,,,,,,,,,,,,,,,,,,,,,,,,,,,,,,,
2,org.tuxpaint_923.apk,config_DroidSafe_transfertaintfield.xml,80,493184.9983,4,4,0,0,transfertaintfield,FALSE,FALSE,FALSE,FALSE,FALSE,FALSE,FALSE,FALSE,FALSE,FALSE,FALSE,FALSE,FALSE,FALSE,FALSE,FALSE,FALSE,FALSE,TRUE,FALSE,-1,3,SPARK
2,org.tuxpaint_923.apk,config_DroidSafe_kobjsens3.xml,68,1085645.819,4,3,0,0,kobjsens,FALSE,FALSE,FALSE,FALSE,FALSE,FALSE,FALSE,FALSE,FALSE,FALSE,FALSE,FALSE,FALSE,FALSE,FALSE,FALSE,FALSE,FALSE,FALSE,FALSE,-1,3,SPARK
,,,,,,,,,,,,,,,,,,,,,,,,,,,,,,,,
3,org.dnaq.dialer2_17.apk,config_DroidSafe_transfertaintfield.xml,3321,482718.1516,10,3,97,26,transfertaintfield,FALSE,FALSE,FALSE,FALSE,FALSE,FALSE,FALSE,FALSE,FALSE,FALSE,FALSE,FALSE,FALSE,FALSE,FALSE,FALSE,FALSE,FALSE,TRUE,FALSE,-1,3,SPARK
3,org.dnaq.dialer2_17.apk,config_DroidSafe_kobjsens3.xml,2263,857005.9181,10,2,97,12,kobjsens,FALSE,FALSE,FALSE,FALSE,FALSE,FALSE,FALSE,FALSE,FALSE,FALSE,FALSE,FALSE,FALSE,FALSE,FALSE,FALSE,FALSE,FALSE,FALSE,FALSE,-1,3,SPARK
,,,,,,,,,,,,,,,,,,,,,,,,,,,,,,,,
3,org.tuxpaint_923.apk,config_DroidSafe_transfertaintfield.xml,80,936675.923,4,4,0,0,transfertaintfield,FALSE,FALSE,FALSE,FALSE,FALSE,FALSE,FALSE,FALSE,FALSE,FALSE,FALSE,FALSE,FALSE,FALSE,FALSE,FALSE,FALSE,FALSE,TRUE,FALSE,-1,3,SPARK
3,org.tuxpaint_923.apk,config_DroidSafe_kobjsens3.xml,68,1865565.188,4,3,0,0,kobjsens,FALSE,FALSE,FALSE,FALSE,FALSE,FALSE,FALSE,FALSE,FALSE,FALSE,FALSE,FALSE,FALSE,FALSE,FALSE,FALSE,FALSE,FALSE,FALSE,FALSE,-1,3,SPARK
,,,,,,,,,,,,,,,,,,,,,,,,,,,,,,,,
1,net.tedstein.AndroSS_17.apk,config_DroidSafe_nofallback.xml,222,1092939.592,4,3,42,5,nofallback,FALSE,FALSE,FALSE,FALSE,FALSE,FALSE,FALSE,FALSE,FALSE,FALSE,FALSE,FALSE,FALSE,TRUE,FALSE,FALSE,FALSE,FALSE,FALSE,FALSE,-1,3,SPARK
1,net.tedstein.AndroSS_17.apk,config_DroidSafe_kobjsens3.xml,0,627988.9496,4,0,42,0,kobjsens,FALSE,FALSE,FALSE,FALSE,FALSE,FALSE,FALSE,FALSE,FALSE,FALSE,FALSE,FALSE,FALSE,FALSE,FALSE,FALSE,FALSE,FALSE,FALSE,FALSE,-1,3,SPARK
,,,,,,,,,,,,,,,,,,,,,,,,,,,,,,,,
1,ru.henridellal.dialer_10.apk,config_DroidSafe_nofallback.xml,35,312167.3883,7,1,33,3,nofallback,FALSE,FALSE,FALSE,FALSE,FALSE,FALSE,FALSE,FALSE,FALSE,FALSE,FALSE,FALSE,FALSE,TRUE,FALSE,FALSE,FALSE,FALSE,FALSE,FALSE,-1,3,SPARK
1,ru.henridellal.dialer_10.apk,config_DroidSafe_kobjsens3.xml,0,607041.0919,7,0,33,0,kobjsens,FALSE,FALSE,FALSE,FALSE,FALSE,FALSE,FALSE,FALSE,FALSE,FALSE,FALSE,FALSE,FALSE,FALSE,FALSE,FALSE,FALSE,FALSE,FALSE,FALSE,-1,3,SPARK
,,,,,,,,,,,,,,,,,,,,,,,,,,,,,,,,
2,net.tedstein.AndroSS_17.apk,config_DroidSafe_nofallback.xml,222,907000.2796,4,3,42,5,nofallback,FALSE,FALSE,FALSE,FALSE,FALSE,FALSE,FALSE,FALSE,FALSE,FALSE,FALSE,FALSE,FALSE,TRUE,FALSE,FALSE,FALSE,FALSE,FALSE,FALSE,-1,3,SPARK
2,net.tedstein.AndroSS_17.apk,config_DroidSafe_kobjsens3.xml,0,650384.8417,4,0,42,0,kobjsens,FALSE,FALSE,FALSE,FALSE,FALSE,FALSE,FALSE,FALSE,FALSE,FALSE,FALSE,FALSE,FALSE,FALSE,FALSE,FALSE,FALSE,FALSE,FALSE,FALSE,-1,3,SPARK
,,,,,,,,,,,,,,,,,,,,,,,,,,,,,,,,
2,ru.henridellal.dialer_10.apk,config_DroidSafe_nofallback.xml,35,222424.3585,7,1,33,3,nofallback,FALSE,FALSE,FALSE,FALSE,FALSE,FALSE,FALSE,FALSE,FALSE,FALSE,FALSE,FALSE,FALSE,TRUE,FALSE,FALSE,FALSE,FALSE,FALSE,FALSE,-1,3,SPARK
2,ru.henridellal.dialer_10.apk,config_DroidSafe_kobjsens3.xml,0,441064.5211,7,0,33,0,kobjsens,FALSE,FALSE,FALSE,FALSE,FALSE,FALSE,FALSE,FALSE,FALSE,FALSE,FALSE,FALSE,FALSE,FALSE,FALSE,FALSE,FALSE,FALSE,FALSE,FALSE,-1,3,SPARK
,,,,,,,,,,,,,,,,,,,,,,,,,,,,,,,,
3,net.tedstein.AndroSS_17.apk,config_DroidSafe_nofallback.xml,222,1342271.682,4,3,42,5,nofallback,FALSE,FALSE,FALSE,FALSE,FALSE,FALSE,FALSE,FALSE,FALSE,FALSE,FALSE,FALSE,FALSE,TRUE,FALSE,FALSE,FALSE,FALSE,FALSE,FALSE,-1,3,SPARK
3,net.tedstein.AndroSS_17.apk,config_DroidSafe_kobjsens3.xml,0,811310.1803,4,0,42,0,kobjsens,FALSE,FALSE,FALSE,FALSE,FALSE,FALSE,FALSE,FALSE,FALSE,FALSE,FALSE,FALSE,FALSE,FALSE,FALSE,FALSE,FALSE,FALSE,FALSE,FALSE,-1,3,SPARK
,,,,,,,,,,,,,,,,,,,,,,,,,,,,,,,,
3,ru.henridellal.dialer_10.apk,config_DroidSafe_nofallback.xml,35,324847.1712,7,1,33,3,nofallback,FALSE,FALSE,FALSE,FALSE,FALSE,FALSE,FALSE,FALSE,FALSE,FALSE,FALSE,FALSE,FALSE,TRUE,FALSE,FALSE,FALSE,FALSE,FALSE,FALSE,-1,3,SPARK
3,ru.henridellal.dialer_10.apk,config_DroidSafe_kobjsens3.xml,0,781463.1935,7,0,33,0,kobjsens,FALSE,FALSE,FALSE,FALSE,FALSE,FALSE,FALSE,FALSE,FALSE,FALSE,FALSE,FALSE,FALSE,FALSE,FALSE,FALSE,FALSE,FALSE,FALSE,FALSE,-1,3,SPARK
,,,,,,,,,,,,,,,,,,,,,,,,,,,,,,,,
